images/ahlainen/muuttaneet_1898-1903_mko5/ahlainen_muuttaneet_1898-1903_mko5_15.jpg  print 4 
images/tampereen_tuomiokirkkoseurakunta/muuttaneet_1890-1897_mko31-39/tampereen_tuomiokirkkoseurakunta_muuttaneet_1890-1897_mko31-39_106.jpg  print 28 
images/kaavi/muuttaneet_1881-1917_ap_ulos/kaavi_muuttaneet_1881-1917_ap_ulos_173.jpg  print 17 
images/langelmaki/muuttaneet_1891-1906_mko284-286/langelmaki_muuttaneet_1891-1906_mko284-286_70.jpg  print 4 
images/korppoo/muuttaneet_1892-1913_mko5/korppoo_muuttaneet_1892-1913_mko5_4.jpg  print 4 
images/hausjarvi/muuttaneet_1892-1908_mko499-502/hausjarvi_muuttaneet_1892-1908_mko499-502_185.jpg  print 4 
images/lapua/muuttaneet_1885-1908_mko7-10/lapua_muuttaneet_1885-1908_mko7-10_12.jpg  print 4 
images/ahtari/muuttaneet_1899-1920_ap/ahtari_muuttaneet_1899-1920_ap_96.jpg  print 2 
images/suomussalmi/muuttaneet_1881-1889_ap_u/suomussalmi_muuttaneet_1881-1889_ap_u_3.jpg  print 17 
images/kuopion_tuomiokirkkosrk/muuttaneet_1910-1914_mko50-59/kuopion_tuomiokirkkosrk_muuttaneet_1910-1914_mko50-59_166.jpg  print 8 
images/joutsa/muuttaneet_1901-1907_mko1-2/joutsa_muuttaneet_1901-1907_mko1-2_46.jpg  print 8 
images/nilsia/muuttaneet_1889-1919_ap_ulos/nilsia_muuttaneet_1889-1919_ap_ulos_41.jpg  print 17:4-356 
images/paltamo/muuttaneet_1879-1921_ap_sis/paltamo_muuttaneet_1879-1921_ap_sis_45.jpg  print 1 
images/oulu/muuttaneet_1901-1908_tksrk_mko36-42/oulu_muuttaneet_1901-1908_tksrk_mko36-42_108.jpg  print 8 
images/kestila/muuttaneet_1880-1924_ap/kestila_muuttaneet_1880-1924_ap_64.jpg  print 1 
images/turun_tuomiokirkkosrk/muuttaneet_1912-1919_ap/turun_tuomiokirkkosrk_muuttaneet_1912-1919_ap_278.jpg  print 4 
images/ulvila/muuttaneet_1900-1910_ap/ulvila_muuttaneet_1900-1910_ap_73.jpg  print 4 
images/lappi/muuttaneet_1890-1912_ap/lappi_muuttaneet_1890-1912_ap_7.jpg  print 4 
images/ii/muuttaneet_1890-1917_ap/ii_muuttaneet_1890-1917_ap_178.jpg  print 1 
images/tuusula/muuttaneet_1888-1904_ap/tuusula_muuttaneet_1888-1904_ap_22.jpg  print 3 
images/turun_tuomiokirkkosrk/muuttaneet_1912-1919_ap/turun_tuomiokirkkosrk_muuttaneet_1912-1919_ap_216.jpg  print 4 
images/rautio/muuttaneet_1880-1912_ap/rautio_muuttaneet_1880-1912_ap_33.jpg  print 1:3-49 
images/tuusula/muuttaneet_1905-1934_ap_sis/tuusula_muuttaneet_1905-1934_ap_sis_20.jpg  print 2 
images/kauhajoki/muuttaneet_1900-1914_ap/kauhajoki_muuttaneet_1900-1914_ap_69.jpg  print 4 
images/koski_tl/muuttaneet_1887-1916_ap/koski_tl_muuttaneet_1887-1916_ap_87.jpg  print 3 
images/lemu/muuttaneet_1899-1912_mko8/lemu_muuttaneet_1899-1912_mko8_24.jpg  print 3 
images/tampereen_tuomiokirkkoseurakunta/muuttaneet_1890-1897_mko31-39/tampereen_tuomiokirkkoseurakunta_muuttaneet_1890-1897_mko31-39_245.jpg  print 28 
images/iisalmen_maaseurakunta/muuttaneet_1904-1915_ap/iisalmen_maaseurakunta_muuttaneet_1904-1915_ap_189.jpg  print 8 
images/leivonmaki/muuttaneet_1875-1891_ap/leivonmaki_muuttaneet_1875-1891_ap_18.jpg  print 3 
images/sotkamo/muuttaneet_1885-1909_mko11-16/sotkamo_muuttaneet_1885-1909_mko11-16_108.jpg  print 17 
images/rautalampi/muuttaneet_1876-1921_ap/rautalampi_muuttaneet_1876-1921_ap_40.jpg  print 1:12-252 
images/joensuu/muuttaneet_1880-1897_ap_1/joensuu_muuttaneet_1880-1897_ap_1_38.jpg  print 1 
images/raakkyla/muuttaneet_1880-1890_mko1/raakkyla_muuttaneet_1880-1890_mko1_4.jpg  print 1 
images/karttula/muuttaneet_1910-1927_ap/karttula_muuttaneet_1910-1927_ap_111.jpg  print 8 
images/toysa/muuttaneet_1890-1923_ap/toysa_muuttaneet_1890-1923_ap_31.jpg  print 4 
images/sipoo/muuttaneet_1908-1919_ap/sipoo_muuttaneet_1908-1919_ap_96.jpg  print 7 
images/pudasjarvi/muuttaneet_1880-1884_mko574/pudasjarvi_muuttaneet_1880-1884_mko574_5.jpg  print 17 
images/muuruvesi/muuttaneet_1907-1927_ap/muuruvesi_muuttaneet_1907-1927_ap_58.jpg  print 16:4-173 
images/turun_tuomiokirkkosrk/muuttaneet_1912-1919_ap/turun_tuomiokirkkosrk_muuttaneet_1912-1919_ap_34.jpg  print 4 
images/muhos/muuttaneet_1891-1904_mko6-7/muhos_muuttaneet_1891-1904_mko6-7_19.jpg  print 1 
images/pihtipudas/muuttaneet_1882-1917_ap/pihtipudas_muuttaneet_1882-1917_ap_61.jpg  print 3 
images/lemi/muuttaneet_1893-1913_mko101/lemi_muuttaneet_1893-1913_mko101_3.jpg  print 3 
images/juuka/muuttaneet_1899-1907_mko8-9/juuka_muuttaneet_1899-1907_mko8-9_25.jpg  print 8 
images/paltamo/muuttaneet_1899-1913_ap_u/paltamo_muuttaneet_1899-1913_ap_u_16.jpg  print 17 
images/helsinki/muuttaneet_1865-1879_mko4-10/helsinki_muuttaneet_1865-1879_mko4-10_281.jpg  print 21:21-317 
images/helsinki/muuttaneet_1851-1864_mko1-3/helsinki_muuttaneet_1851-1864_mko1-3_48.jpg  print 20 
images/kuopio/muuttaneet_1908-1914_msrk_mko44-54/kuopio_muuttaneet_1908-1914_msrk_mko44-54_96.jpg  print 8 
images/siuntio/muuttaneet_1909-1975_ap_sis/siuntio_muuttaneet_1909-1975_ap_sis_3.jpg  print 2 
images/iisalmen_maaseurakunta/muuttaneet_1904-1915_ap/iisalmen_maaseurakunta_muuttaneet_1904-1915_ap_191.jpg  print 8 
images/halikko/muuttaneet_1917-1948_ap/halikko_muuttaneet_1917-1948_ap_265.jpg  print 4		--Alle 100 vuotta kuvasta --- 
images/kotka/muuttaneet_1894-1913_ap_sis/kotka_muuttaneet_1894-1913_ap_sis_124.jpg  print 10 

---50 (51 kuva) ekaa mennyt annotoitavaks---

images/alaharma/muuttaneet_1885-1904_mko10-12/alaharma_muuttaneet_1885-1904_mko10-12_29.jpg  print 3 
images/puolanka/muuttaneet_1890-1911_mko7-8/puolanka_muuttaneet_1890-1911_mko7-8_35.jpg  print 17 
images/pielisjarvi/muuttaneet_1880-1905_ap_ulos/pielisjarvi_muuttaneet_1880-1905_ap_ulos_14.jpg  print 17 
images/pedersore/muuttaneet_1909-1917_mko/pedersore_muuttaneet_1909-1917_mko_17.jpg  print 4 
images/ulvila/muuttaneet_1900-1905_mko14/ulvila_muuttaneet_1900-1905_mko14_13.jpg  print 4 
images/hausjarvi/muuttaneet_1892-1908_mko499-502/hausjarvi_muuttaneet_1892-1908_mko499-502_2.jpg  print 4 
images/porvoo/muuttaneet_1901-1919_ksrk_ap_sis/porvoo_muuttaneet_1901-1919_ksrk_ap_sis_30.jpg  print 2	--ei alle 10mb--  
images/rautalampi/muuttaneet_1902-1922_ap/rautalampi_muuttaneet_1902-1922_ap_4.jpg  print 16 
images/ylitornio/muuttaneet_1893-1939_ap_sis/ylitornio_muuttaneet_1893-1939_ap_sis_49.jpg  print 1 
images/ahtari/muuttaneet_1891-1900_mko4/ahtari_muuttaneet_1891-1900_mko4_18.jpg  print 2 
images/ristiina/muuttaneet_1906-1910_mko6/ristiina_muuttaneet_1906-1910_mko6_7.jpg  print 16 
images/padasjoki/muuttaneet_1882-1898_mko322-323/padasjoki_muuttaneet_1882-1898_mko322-323_20.jpg  print 3 
images/alavus/muuttaneet_1880-1911_ap/alavus_muuttaneet_1880-1911_ap_193.jpg  print 3 
images/keuruu/muuttaneet_1818-1826_ap/keuruu_muuttaneet_1818-1826_ap_9.jpg  print 35 
images/turun_tuomiokirkkosrk/muuttaneet_1898-1903_ap/turun_tuomiokirkkosrk_muuttaneet_1898-1903_ap_471.jpg  print 4 
images/orimattila/muuttaneet_1904-1922_ap_sis/orimattila_muuttaneet_1904-1922_ap_sis_43.jpg  print 2:3-96 
images/isojoki/muuttaneet_1896-1918_ap/isojoki_muuttaneet_1896-1918_ap_36.jpg  print 4 
images/kuopio/muuttaneet_1915-1916_msrk_mko55-57/kuopio_muuttaneet_1915-1916_msrk_mko55-57_56.jpg  print 8 
images/lohtaja/muuttaneet_1894-1904_mko368/lohtaja_muuttaneet_1894-1904_mko368_26.jpg  print 3 
images/kuopio/muuttaneet_1880-1890_msrk_mko17-21/kuopio_muuttaneet_1880-1890_msrk_mko17-21_75.jpg  print 17 
images/kemi/muuttaneet_1891-1900_msrk_ap/kemi_muuttaneet_1891-1900_msrk_ap_5.jpg  print 17 
images/kaukola/muuttaneet_1898-1910_mko272-273/kaukola_muuttaneet_1898-1910_mko272-273_13.jpg  print 8 
images/liperi/muuttaneet_1892-1908_mko1124-1128/liperi_muuttaneet_1892-1908_mko1124-1128_73.jpg  print 17 
images/valkeala/muuttaneet_1891-1901_mko599-603/valkeala_muuttaneet_1891-1901_mko599-603_55.jpg  print 3 
images/oulu/muuttaneet_1882-1888_tksrk_mko9-13/oulu_muuttaneet_1882-1888_tksrk_mko9-13_28.jpg  print 1 
images/pihtipudas/muuttaneet_1882-1895_mko1/pihtipudas_muuttaneet_1882-1895_mko1_9.jpg  print 3 
images/kullaa/muuttaneet_1890-1910_ap/kullaa_muuttaneet_1890-1910_ap_156.jpg  print 38 
images/hamina/muuttaneet_1890-1922_ap/hamina_muuttaneet_1890-1922_ap_27.jpg  print 10 
images/alaharma/muuttaneet_1885-1904_mko10-12/alaharma_muuttaneet_1885-1904_mko10-12_35.jpg  print 3 
images/tampereen_tuomiokirkkoseurakunta/muuttaneet_1876-1883_mko23-27/tampereen_tuomiokirkkoseurakunta_muuttaneet_1876-1883_mko23-27_104.jpg  print 29 
images/valkeala/muuttaneet_1902-1910_mko604-613/valkeala_muuttaneet_1902-1910_mko604-613_186.jpg  print 8 
images/mikkelin_tuomiokirkkosrk/muuttaneet_1883-1891_mko4-7/mikkelin_tuomiokirkkosrk_muuttaneet_1883-1891_mko4-7_81.jpg  print 3 
images/saaminki/muuttaneet_1880-1898_mko3-5/saaminki_muuttaneet_1880-1898_mko3-5_25.jpg  print 3 
images/halsua/muuttaneet_1865-1890_mko118/halsua_muuttaneet_1865-1890_mko118_3.jpg  print 4	--not printed--  
images/nurmes/muuttaneet_1880-1884_mko902/nurmes_muuttaneet_1880-1884_mko902_11.jpg  print 1 
images/ii/muuttaneet_1890-1917_ap/ii_muuttaneet_1890-1917_ap_3.jpg  print 1 
images/palkane/muuttaneet_1902-1911_mko290/palkane_muuttaneet_1902-1911_mko290_24.jpg  print 7 
images/joensuu/muuttaneet_1880-1897_ap_1/joensuu_muuttaneet_1880-1897_ap_1_51.jpg  print 1 
images/kuopio/muuttaneet_1901-1907_msrk_mko34-43/kuopio_muuttaneet_1901-1907_msrk_mko34-43_245.jpg  print 8 
images/siuntio/muuttaneet_1909-1975_ap_ulos/siuntio_muuttaneet_1909-1975_ap_ulos_99.jpg  print 7	--alle 100 vuotta--  		
images/sysma/muuttaneet_1905-1922_ap/sysma_muuttaneet_1905-1922_ap_196.jpg  print 16 
images/lavia/muuttaneet_1891-1905_mko4-5/lavia_muuttaneet_1891-1905_mko4-5_23.jpg  print 4 
images/lappee/muuttaneet_1900-1909_mko13-16/lappee_muuttaneet_1900-1909_mko13-16_86.jpg  print 8 


images/nastola/muuttaneet_1868-1899_mko1-5/nastola_muuttaneet_1868-1899_mko1-5_85.jpg  print 3:18-108 
images/kiukainen/muuttaneet_1891-1910_ap/kiukainen_muuttaneet_1891-1910_ap_228.jpg  print 4	--alle 100 vuotta--  

--tähän asti ladattu--

images/hinnerjoki/muuttaneet_1891-1910_ap/hinnerjoki_muuttaneet_1891-1910_ap_65.jpg  print 4 
images/viitasaari/muuttaneet_1883-1889_ap/viitasaari_muuttaneet_1883-1889_ap_10.jpg  print 3 
images/elimaki/muuttaneet_1888-1896_mko4-7/elimaki_muuttaneet_1888-1896_mko4-7_24.jpg  print 3 
images/siuntio/muuttaneet_1909-1975_ap_ulos/siuntio_muuttaneet_1909-1975_ap_ulos_138.jpg  print 7	--alle 100 vuotta--  
images/turun_tuomiokirkkosrk/muuttaneet_1887-1891_ap/turun_tuomiokirkkosrk_muuttaneet_1887-1891_ap_20.jpg  print 3 
images/kymi/muuttaneet_1894-1922_ap_sis/kymi_muuttaneet_1894-1922_ap_sis_105.jpg  print 10 
images/pedersore/muuttaneet_1909-1921_ap/pedersore_muuttaneet_1909-1921_ap_30.jpg  print 4 
images/valkeala/muuttaneet_1880-1890_mko597-599/valkeala_muuttaneet_1880-1890_mko597-599_49.jpg  print 3 
images/pernio/muuttaneet_1891-1915_ap/pernio_muuttaneet_1891-1915_ap_162.jpg  print 3 
images/siuntio/muuttaneet_1909-1975_ap_ulos/siuntio_muuttaneet_1909-1975_ap_ulos_124.jpg  print 7	--alle 100 vuotta--  
images/kuopion_tuomiokirkkosrk/muuttaneet_1910-1914_mko50-59/kuopion_tuomiokirkkosrk_muuttaneet_1910-1914_mko50-59_32.jpg  print 8 
images/kiihtelysvaara/muuttaneet_1882-1901_mko462-479/kiihtelysvaara_muuttaneet_1882-1901_mko462-479_89.jpg  print 1 
images/pielavesi/muuttaneet_1905-1909_mko12-14/pielavesi_muuttaneet_1905-1909_mko12-14_3.jpg  print 16 
images/rautalampi/muuttaneet_1880-1902_mko928-935/rautalampi_muuttaneet_1880-1902_mko928-935_130.jpg  print 17 
images/kiuruvesi/muuttaneet_1885-1916_ap/kiuruvesi_muuttaneet_1885-1916_ap_333.jpg  print 1 
images/ilmajoki/muuttaneet_1897-1922_ap/ilmajoki_muuttaneet_1897-1922_ap_51.jpg  print 23 
images/helsinki/muuttaneet_1851-1864_mko1-3/helsinki_muuttaneet_1851-1864_mko1-3_131.jpg  print 20	--not printed--  
images/nurmijarvi/muuttaneet_1890-1909_mko19-21/nurmijarvi_muuttaneet_1890-1909_mko19-21_46.jpg  print 10 
images/vehkalahti/muuttaneet_1890-1920_mko496-498/vehkalahti_muuttaneet_1890-1920_mko496-498_43.jpg  print 7 
images/koivulahti/muuttaneet_1891-1905_mko12/koivulahti_muuttaneet_1891-1905_mko12_6.jpg  print 4 
images/kiihtelysvaara/muuttaneet_1882-1920_ap/kiihtelysvaara_muuttaneet_1882-1920_ap_5.jpg  print 17 
images/anjala/muuttaneet_1880-1887_mko56/anjala_muuttaneet_1880-1887_mko56_7.jpg  print 3 
images/isokyro/muuttaneet_1839-1846_mko1-2/isokyro_muuttaneet_1839-1846_mko1-2_9.jpg  print 24 
images/turun_tuomiokirkkosrk/muuttaneet_1912-1919_ap/turun_tuomiokirkkosrk_muuttaneet_1912-1919_ap_606.jpg  print 4 
images/alavus/muuttaneet_1880-1911_ap/alavus_muuttaneet_1880-1911_ap_76.jpg  print 3 
images/kuopio/muuttaneet_1880-1890_msrk_mko17-21/kuopio_muuttaneet_1880-1890_msrk_mko17-21_81.jpg  print 17 
images/orimattila/muuttaneet_1904-1922_ap_sis/orimattila_muuttaneet_1904-1922_ap_sis_76.jpg  print 2:3-96 
images/turun_tuomiokirkkosrk/muuttaneet_1892-1898_ap/turun_tuomiokirkkosrk_muuttaneet_1892-1898_ap_371.jpg  print 4 
images/virolahti/muuttaneet_1885-1909_mko3-12/virolahti_muuttaneet_1885-1909_mko3-12_148.jpg  print 7: 90-163 
images/rautalampi/muuttaneet_1880-1902_mko928-935/rautalampi_muuttaneet_1880-1902_mko928-935_47.jpg  print 17 
images/liperi/muuttaneet_1881-1915_ap/liperi_muuttaneet_1881-1915_ap_5.jpg  print 1 
images/helsingin_pitaja/muuttaneet_1880-1890_mko7-9/helsingin_pitaja_muuttaneet_1880-1890_mko7-9_38.jpg  print 3 
images/rautalampi/muuttaneet_1880-1905_mko891-895/rautalampi_muuttaneet_1880-1905_mko891-895_12.jpg  print 1 
images/kemi/muuttaneet_1901-1922_msrk_ap/kemi_muuttaneet_1901-1922_msrk_ap_61.jpg  print 8 
images/tampereen_tuomiokirkkoseurakunta/muuttaneet_1904-1915_ap/tampereen_tuomiokirkkoseurakunta_muuttaneet_1904-1915_ap_301.jpg  print 27 
images/vastanfjard/muuttaneet_1891-1945_ap/vastanfjard_muuttaneet_1891-1945_ap_44.jpg  print 2 
images/turun_tuomiokirkkosrk/muuttaneet_1898-1903_ap/turun_tuomiokirkkosrk_muuttaneet_1898-1903_ap_56.jpg  print 4 
images/vaasa/muuttaneet_1891-1899_mko818-823/vaasa_muuttaneet_1891-1899_mko818-823_12.jpg  print 4 
images/tampereen_tuomiokirkkoseurakunta/muuttaneet_1904-1915_ap/tampereen_tuomiokirkkoseurakunta_muuttaneet_1904-1915_ap_432.jpg  print 27 
images/pernio/muuttaneet_1891-1915_ap/pernio_muuttaneet_1891-1915_ap_18.jpg  print 3 
images/oulujoki/muuttaneet_1901-1908_mko1-3/oulujoki_muuttaneet_1901-1908_mko1-3_50.jpg  print 8 
images/rautalampi/muuttaneet_1876-1921_ap/rautalampi_muuttaneet_1876-1921_ap_170.jpg  print 1:12-252 
images/dragsfjard/muuttaneet_1913-1937_ap/dragsfjard_muuttaneet_1913-1937_ap_65.jpg  print 14		--alle 100 vuotta--  
images/porvoo/muuttaneet_1880-1885_ruotksrk_mko146-147/porvoo_muuttaneet_1880-1885_ruotksrk_mko146-147_21.jpg  print 3 
images/urjala/muuttaneet_1900-1910_mko15-17/urjala_muuttaneet_1900-1910_mko15-17_9.jpg  print 7 
images/porvoo/muuttaneet_1796-1857_ap_sis/porvoo_muuttaneet_1796-1857_ap_sis_28.jpg  print 2	--yli 10 mb--  
images/jamsa/muuttaneet_1890-1903_mko750/jamsa_muuttaneet_1890-1903_mko750_22.jpg  print 10 
images/oulu/muuttaneet_1882-1894_tksrk_mko14-20/oulu_muuttaneet_1882-1894_tksrk_mko14-20_145.jpg  print 1 
images/joensuu/muuttaneet_1897-1910_ap/joensuu_muuttaneet_1897-1910_ap_226.jpg  print 8 
images/pyhajarvi/muuttaneet_1896-1918_ap/pyhajarvi_muuttaneet_1896-1918_ap_89.jpg  print 8 
images/pernio/muuttaneet_1916-1932_ap/pernio_muuttaneet_1916-1932_ap_69.jpg  print 4		--alle 100 vuotta--  
images/helsinki/muuttaneet_1880-1889_mko10-17/helsinki_muuttaneet_1880-1889_mko10-17_144.jpg  print 21 
images/iisalmen_maaseurakunta/muuttaneet_1891-1903_ap/iisalmen_maaseurakunta_muuttaneet_1891-1903_ap_15.jpg  print 17 
images/liperi/muuttaneet_1881-1891_mko1117-1118/liperi_muuttaneet_1881-1891_mko1117-1118_38.jpg  print 1 
images/suodenniemi/muuttaneet_1891-1912_ap/suodenniemi_muuttaneet_1891-1912_ap_150.jpg  print 4		--alle 100 vuotta, nimessä loppuu 1912--  
images/oulu/muuttaneet_1882-1894_tksrk_mko14-20/oulu_muuttaneet_1882-1894_tksrk_mko14-20_98.jpg  print 1 
images/urjala/muuttaneet_1900-1920_ap/urjala_muuttaneet_1900-1920_ap_170.jpg  print 7: 90-216 
images/kuru/muuttaneet_1916-1935_ap_ulos/kuru_muuttaneet_1916-1935_ap_ulos_17.jpg  print 2 	--alle 100 vuotta-- 
images/kemi/muuttaneet_1901-1922_msrk_ap/kemi_muuttaneet_1901-1922_msrk_ap_213.jpg  print 8 

--tähän asti ladattu transkribus--
 
images/ruokolahti/muuttaneet_1886-1895_mko593/ruokolahti_muuttaneet_1886-1895_mko593_11.jpg  print 3 
images/kuopion_tuomiokirkkosrk/muuttaneet_1905-1910_mko38-49/kuopion_tuomiokirkkosrk_muuttaneet_1905-1910_mko38-49_281.jpg  print 8 
images/viipuri/muuttaneet_1866-1873_tksrk_mko784-790/viipuri_muuttaneet_1866-1873_tksrk_mko784-790_122.jpg  print 11 
images/suoniemi/muuttaneet_1890-1916_ap/suoniemi_muuttaneet_1890-1916_ap_23.jpg  print 4 
images/valkeala/muuttaneet_1880-1890_mko597-599/valkeala_muuttaneet_1880-1890_mko597-599_37.jpg  print 3 
images/urjala/muuttaneet_1900-1910_mko11-12/urjala_muuttaneet_1900-1910_mko11-12_24.jpg  print 2 
images/tampereen_tuomiokirkkoseurakunta/muuttaneet_1904-1915_ap/tampereen_tuomiokirkkoseurakunta_muuttaneet_1904-1915_ap_265.jpg  print 27 
images/uskela/muuttaneet_1903-1932_ap/uskela_muuttaneet_1903-1932_ap_83.jpg  print 4 
images/puumala/muuttaneet_1890-1938_ap/puumala_muuttaneet_1890-1938_ap_24.jpg  print 10:3-61 
images/iitti/muuttaneet_1886-1890_mko833-834/iitti_muuttaneet_1886-1890_mko833-834_14.jpg  print 3 
images/kiuruvesi/muuttaneet_1917-1920_ap/kiuruvesi_muuttaneet_1917-1920_ap_17.jpg  print 8 
images/paavola/muuttaneet_1888-1910_mko9-12/paavola_muuttaneet_1888-1910_mko9-12_65.jpg  print 1 
images/pielavesi/muuttaneet_1905-1909_mko12-14/pielavesi_muuttaneet_1905-1909_mko12-14_5.jpg  print 16 
images/helsinki/muuttaneet_1851-1864_mko1-3/helsinki_muuttaneet_1851-1864_mko1-3_18.jpg  print 20 
images/sauvo/muuttaneet_1892-1898_mko7-8/sauvo_muuttaneet_1892-1898_mko7-8_6.jpg  print 4 
images/somero/muuttaneet_1892-1910_mko9-13/somero_muuttaneet_1892-1910_mko9-13_32.jpg  print 4 
images/myrskyla/muuttaneet_1890-1913_ap_s/myrskyla_muuttaneet_1890-1913_ap_s_21.jpg  print 10 
images/urjala/muuttaneet_1890-1899_ap/urjala_muuttaneet_1890-1899_ap_44.jpg  print 4 
images/ristiina/muuttaneet_1880-1885_mko3/ristiina_muuttaneet_1880-1885_mko3_12.jpg  print 3 
images/polvijarvi/muuttaneet_1892-1909_mko21-23/polvijarvi_muuttaneet_1892-1909_mko21-23_37.jpg  print 17 
images/eno/muuttaneet_1908-1914_mko5-6/eno_muuttaneet_1908-1914_mko5-6_6.jpg  print 1 
images/vampula/muuttaneet_1905-1912_ap/vampula_muuttaneet_1905-1912_ap_1.jpg  print 4		--kirjan kansi--  
images/karstula/muuttaneet_1890-1909_mko6/karstula_muuttaneet_1890-1909_mko6_10.jpg  print 10 
images/nurmijarvi/muuttaneet_1890-1909_mko32-34/nurmijarvi_muuttaneet_1890-1909_mko32-34_22.jpg  print 7 
images/hyrynsalmi/muuttaneet_1881-1889_ap_s/hyrynsalmi_muuttaneet_1881-1889_ap_s_13.jpg  print 1 
images/lohtaja/muuttaneet_1872-1923_ap/lohtaja_muuttaneet_1872-1923_ap_58.jpg  print 3 
images/toivakka/muuttaneet_1890-1914_ap/toivakka_muuttaneet_1890-1914_ap_34.jpg  print 10 
images/pori/muuttaneet_1886-1889_ksrk_mko29-32/pori_muuttaneet_1886-1889_ksrk_mko29-32_54.jpg  print 3 
images/heinavesi/muuttaneet_1903-1913_ap/heinavesi_muuttaneet_1903-1913_ap_57.jpg  print 8 
images/joensuu/muuttaneet_1880-1889_mko273-275/joensuu_muuttaneet_1880-1889_mko273-275_39.jpg  print 1 
images/kuru/muuttaneet_1916-1935_ap_ulos/kuru_muuttaneet_1916-1935_ap_ulos_28.jpg  print 2	--alle 100 vuotta--  
images/hinnerjoki/muuttaneet_1891-1910_ap/hinnerjoki_muuttaneet_1891-1910_ap_63.jpg  print 4 
images/ruovesi/muuttaneet_1912-1931_ap_sis/ruovesi_muuttaneet_1912-1931_ap_sis_7.jpg  print 2 
images/tampereen_tuomiokirkkoseurakunta/muuttaneet_1898-1903_mko40-50/tampereen_tuomiokirkkoseurakunta_muuttaneet_1898-1903_mko40-50_108.jpg  print 28 
images/iisalmen_maaseurakunta/muuttaneet_1891-1903_mko21-24/iisalmen_maaseurakunta_muuttaneet_1891-1903_mko21-24_77.jpg  print 1 
images/kullaa/muuttaneet_1890-1910_ap/kullaa_muuttaneet_1890-1910_ap_29.jpg  print 38 
images/kiuruvesi/muuttaneet_1891-1908_mko16-20/kiuruvesi_muuttaneet_1891-1908_mko16-20_4.jpg  print 17 
images/nauvo/muuttaneet_1894-1904_mko20/nauvo_muuttaneet_1894-1904_mko20_13.jpg  print 45 
images/vesilahti/muuttaneet_1893-1913_ap/vesilahti_muuttaneet_1893-1913_ap_167.jpg  print 4 
images/haapajarvi/muuttaneet_1881-1924_ap/haapajarvi_muuttaneet_1881-1924_ap_221.jpg  print 17 
images/kuopio/muuttaneet_1908-1914_msrk_mko44-54/kuopio_muuttaneet_1908-1914_msrk_mko44-54_308.jpg  print 8 
images/kuhmo/muuttaneet_1886-1922_ap_ulos/kuhmo_muuttaneet_1886-1922_ap_ulos_76.jpg  print 17 
images/rautalampi/muuttaneet_1902-1922_ap/rautalampi_muuttaneet_1902-1922_ap_155.jpg  print 16 
images/pudasjarvi/muuttaneet_1880-1929_ap_sis/pudasjarvi_muuttaneet_1880-1929_ap_sis_24.jpg  print 1 
images/alavus/muuttaneet_1885-1911_mko518-523/alavus_muuttaneet_1885-1911_mko518-523_109.jpg  print 3 
images/iisalmen_kaupunkiseurakunta/muuttaneet_1894-1910_ap/iisalmen_kaupunkiseurakunta_muuttaneet_1894-1910_ap_16.jpg  print 1 
images/ii/muuttaneet_1890-1917_ap/ii_muuttaneet_1890-1917_ap_184.jpg  print 1	--kuva kannesta--  
images/liminka/muuttaneet_1881-1886_mko7/liminka_muuttaneet_1881-1886_mko7_15.jpg  print 1 
images/turtola/muuttaneet_1881-1920_ap_sis/turtola_muuttaneet_1881-1920_ap_sis_9.jpg  print 1 
images/ii/muuttaneet_1890-1917_ap/ii_muuttaneet_1890-1917_ap_29.jpg  print 1 
images/ypaja/muuttaneet_1892-1921_ap/ypaja_muuttaneet_1892-1921_ap_56.jpg  print 2 
images/juankoski/muuttaneet_1890-1897_mko4/juankoski_muuttaneet_1890-1897_mko4_9.jpg  print 17 
images/rautavaara/muuttaneet_1883-1902_mko251/rautavaara_muuttaneet_1883-1902_mko251_10.jpg  print 17 
images/nilsia/muuttaneet_1894-1916_mko17-25/nilsia_muuttaneet_1894-1916_mko17-25_228.jpg  print 17 
images/turun_tuomiokirkkosrk/muuttaneet_1908-1912_ap/turun_tuomiokirkkosrk_muuttaneet_1908-1912_ap_46.jpg  print 4 
images/ii/muuttaneet_1890-1917_ap/ii_muuttaneet_1890-1917_ap_73.jpg  print 1 
images/viipuri/muuttaneet_1881-1886_msrk_mko1055/viipuri_muuttaneet_1881-1886_msrk_mko1055_8.jpg  print 3 
images/sodankyla/muuttaneet_1891-1907_mko1/sodankyla_muuttaneet_1891-1907_mko1_9.jpg  print 1 
images/nousiainen/muuttaneet_1898-1915_mko14-15/nousiainen_muuttaneet_1898-1915_mko14-15_35.jpg  print 45 
images/oulu/muuttaneet_1900-1908_tksrk_mko192-200/oulu_muuttaneet_1900-1908_tksrk_mko192-200_131.jpg  print 17 
images/kuusamo/muuttaneet_1891-1906_mko1/kuusamo_muuttaneet_1891-1906_mko1_15.jpg  print 1 
images/teisko/muuttaneet_1905-1917_ap/teisko_muuttaneet_1905-1917_ap_40.jpg  print 2 
images/tampereen_tuomiokirkkoseurakunta/muuttaneet_1884-1889_mko27-30/tampereen_tuomiokirkkoseurakunta_muuttaneet_1884-1889_mko27-30_18.jpg  print 29 
images/muuruvesi/muuttaneet_1907-1916_mko1-4/muuruvesi_muuttaneet_1907-1916_mko1-4_45.jpg  print 16 
images/oulunsalo/muuttaneet_1900-1909_mko129/oulunsalo_muuttaneet_1900-1909_mko129_5.jpg  print 8 
images/kestila/muuttaneet_1880-1924_ap/kestila_muuttaneet_1880-1924_ap_169.jpg  print 1 
images/taivalkoski/muuttaneet_1880-1883_mko2/taivalkoski_muuttaneet_1880-1883_mko2_7.jpg  print 1 
images/teuva/muuttaneet_1901-1913_ap/teuva_muuttaneet_1901-1913_ap_60.jpg  print 4 
images/mikkelin_tuomiokirkkosrk/muuttaneet_1892-1909_mko8-9/mikkelin_tuomiokirkkosrk_muuttaneet_1892-1909_mko8-9_28.jpg  print 10 
images/kestila/muuttaneet_1880-1924_ap/kestila_muuttaneet_1880-1924_ap_106.jpg  print 1 
images/pielisjarvi/muuttaneet_1889-1905_mko1705-1707/pielisjarvi_muuttaneet_1889-1905_mko1705-1707_22.jpg  print 1 
images/turun_tuomiokirkkosrk/muuttaneet_1912-1919_ap/turun_tuomiokirkkosrk_muuttaneet_1912-1919_ap_57.jpg  print 4 
images/haapajarvi/muuttaneet_1881-1924_ap/haapajarvi_muuttaneet_1881-1924_ap_104.jpg  print 17 
images/rautalampi/muuttaneet_1902-1922_ap/rautalampi_muuttaneet_1902-1922_ap_38.jpg  print 16 
images/kontiolahti/muuttaneet_1907-1914_mko760-764/kontiolahti_muuttaneet_1907-1914_mko760-764_51.jpg  print 8 
images/turun_tuomiokirkkosrk/muuttaneet_1908-1912_ap/turun_tuomiokirkkosrk_muuttaneet_1908-1912_ap_121.jpg  print 4 
images/saraisniemi/muuttaneet_1884-1905_mko331-332/saraisniemi_muuttaneet_1884-1905_mko331-332_23.jpg  print 17 
images/pielisensuu/muuttaneet_1915-1920_ap/pielisensuu_muuttaneet_1915-1920_ap_23.jpg  print 15 
images/korpilahti/muuttaneet_1898-1906_mko705-706/korpilahti_muuttaneet_1898-1906_mko705-706_60.jpg  print 7 
images/tammisaari/muuttaneet_1898-1903_mko395/tammisaari_muuttaneet_1898-1903_mko395_25.jpg  print 10 
images/pernio/muuttaneet_1891-1915_ap/pernio_muuttaneet_1891-1915_ap_154.jpg  print 3 
images/paltamo/muuttaneet_1879-1922_ap_ulos/paltamo_muuttaneet_1879-1922_ap_ulos_18.jpg  print 17 
images/tohmajarvi/muuttaneet_1886-1900_mko593-595/tohmajarvi_muuttaneet_1886-1900_mko593-595_48.jpg  print 17 
images/ristijarvi/muuttaneet_1881-1921_ap_sis/ristijarvi_muuttaneet_1881-1921_ap_sis_37.jpg  print 1 
images/kuopio/muuttaneet_1901-1907_msrk_mko34-43/kuopio_muuttaneet_1901-1907_msrk_mko34-43_129.jpg  print 8 
images/iitti/muuttaneet_1890-1912_mko816-818/iitti_muuttaneet_1890-1912_mko816-818_24.jpg  print 10 
images/joensuu/muuttaneet_1897-1901_mko282-283/joensuu_muuttaneet_1897-1901_mko282-283_5.jpg  print 8 
images/pirkkala/muuttaneet_1898-1914_ap_ulos/pirkkala_muuttaneet_1898-1914_ap_ulos_8.jpg  print 7 
images/oulu/muuttaneet_1889-1900_tksrk_mko21-35/oulu_muuttaneet_1889-1900_tksrk_mko21-35_177.jpg  print 1 
images/kaustinen/muuttaneet_1898-1933_mko273-274/kaustinen_muuttaneet_1898-1933_mko273-274_46.jpg  print 4	--alle 100 vuotta--  
images/oulu/muuttaneet_1901-1908_tksrk_mko36-42/oulu_muuttaneet_1901-1908_tksrk_mko36-42_171.jpg  print 8 
images/ylistaro/muuttaneet_1890-1906_mko5-6/ylistaro_muuttaneet_1890-1906_mko5-6_9.jpg  print 5 
images/karttula/muuttaneet_1910-1927_ap/karttula_muuttaneet_1910-1927_ap_67.jpg  print 8 
images/turtola/muuttaneet_1881-1920_ap_ulos/turtola_muuttaneet_1881-1920_ap_ulos_14.jpg  print 17 
images/porvoo/muuttaneet_1880-1892_ksrk_mko71-73/porvoo_muuttaneet_1880-1892_ksrk_mko71-73_47.jpg  print 3 
images/raakkyla/muuttaneet_1891-1908_mko7-9/raakkyla_muuttaneet_1891-1908_mko7-9_15.jpg  print 17 
images/parikkala/muuttaneet_1886-1909_mko5-8/parikkala_muuttaneet_1886-1909_mko5-8_60.jpg  print 3 
images/elimaki/muuttaneet_1897-1922_ap_sis/elimaki_muuttaneet_1897-1922_ap_sis_71.jpg  print 12 
images/tornio/muuttaneet_1902-1907_mko16/tornio_muuttaneet_1902-1907_mko16_5.jpg  print 16 
images/ylane/muuttaneet_1889-1907_mko12-16/ylane_muuttaneet_1889-1907_mko12-16_23.jpg  print 3 
images/hamina/muuttaneet_1890-1922_ap/hamina_muuttaneet_1890-1922_ap_128.jpg  print 10 
images/parikkala/muuttaneet_1880-1913_ap/parikkala_muuttaneet_1880-1913_ap_61.jpg  print 3:4-177 
images/turun_tuomiokirkkosrk/muuttaneet_1912-1919_ap/turun_tuomiokirkkosrk_muuttaneet_1912-1919_ap_251.jpg  print 4 
images/saarijarvi/muuttaneet_1890-1915_ap/saarijarvi_muuttaneet_1890-1915_ap_102.jpg  print 10 
images/nilsia/muuttaneet_1889-1919_ap_ulos/nilsia_muuttaneet_1889-1919_ap_ulos_249.jpg  print 17:4-356 
images/tampereen_tuomiokirkkoseurakunta/muuttaneet_1898-1903_mko40-50/tampereen_tuomiokirkkoseurakunta_muuttaneet_1898-1903_mko40-50_203.jpg  print 28 
images/hiittinen/muuttaneet_1892-1912_mko1/hiittinen_muuttaneet_1892-1912_mko1_24.jpg  print 4 
images/valkeala/muuttaneet_1902-1910_mko604-613/valkeala_muuttaneet_1902-1910_mko604-613_243.jpg  print 8 
images/helsinki/muuttaneet_1888-1909_mko8-15/helsinki_muuttaneet_1888-1909_mko8-15_289.jpg  print 21 
images/helsinki/muuttaneet_1880-1889_mko10-17/helsinki_muuttaneet_1880-1889_mko10-17_19.jpg  print 21 
images/lieto/muuttaneet_1893-1912_mko9-12/lieto_muuttaneet_1893-1912_mko9-12_15.jpg  print 4 
images/kiukainen/muuttaneet_1891-1910_ap/kiukainen_muuttaneet_1891-1910_ap_167.jpg  print 4		--alle 100 vuotta, nimessä vasta 1910--  
images/rantasalmi/muuttaneet_1894-1906_mko5-6/rantasalmi_muuttaneet_1894-1906_mko5-6_45.jpg  print 40 
images/tampereen_tuomiokirkkoseurakunta/muuttaneet_1904-1915_ap/tampereen_tuomiokirkkoseurakunta_muuttaneet_1904-1915_ap_39.jpg  print 27 
images/halikko/muuttaneet_1917-1948_ap/halikko_muuttaneet_1917-1948_ap_226.jpg  print 4 	--alle 100 vuotta--  
images/parikkala/muuttaneet_1880-1913_ap/parikkala_muuttaneet_1880-1913_ap_176.jpg  print 3:4-177 
images/kuhmo/muuttaneet_1886-1921_ap_sis/kuhmo_muuttaneet_1886-1921_ap_sis_9.jpg  print 1 
images/maaninka/muuttaneet_1897-1904_ap/maaninka_muuttaneet_1897-1904_ap_46.jpg  print 8 
images/porvoo/muuttaneet_1880-1900_ksrk_ap/porvoo_muuttaneet_1880-1900_ksrk_ap_52.jpg  print 3	--yli 10 mb--  
images/kiukainen/muuttaneet_1891-1910_ap/kiukainen_muuttaneet_1891-1910_ap_150.jpg  print 4	--alle 100 vuotta, nimessä vasta 1910--  
images/kuopio/muuttaneet_1908-1914_msrk_mko44-54/kuopio_muuttaneet_1908-1914_msrk_mko44-54_44.jpg  print 8 
images/porvoo/muuttaneet_1796-1857_ap_sis/porvoo_muuttaneet_1796-1857_ap_sis_121.jpg  print 2     --yli 10 mb-- 
images/petajavesi/muuttaneet_1898-1916_ap_sis/petajavesi_muuttaneet_1898-1916_ap_sis_29.jpg  print 10 
images/jaala/muuttaneet_1890-1910_mko272/jaala_muuttaneet_1890-1910_mko272_14.jpg  print 7 
images/kannus/muuttaneet_1888-1907_mko351-352/kannus_muuttaneet_1888-1907_mko351-352_57.jpg  print 3 
images/liminka/muuttaneet_1887-1905_mko7-9/liminka_muuttaneet_1887-1905_mko7-9_21.jpg  print 1 
images/ristijarvi/muuttaneet_1890-1913_ap_u/ristijarvi_muuttaneet_1890-1913_ap_u_28.jpg  print 17 
images/kalajoki/muuttaneet_1880-1891_mko27-28/kalajoki_muuttaneet_1880-1891_mko27-28_21.jpg  print 17 
images/elimaki/muuttaneet_1875-1887_mko1-4/elimaki_muuttaneet_1875-1887_mko1-4_50.jpg  print 3 
images/bromarv/muuttaneet_1881-1893_ap/bromarv_muuttaneet_1881-1893_ap_9.jpg  print 3 
images/himanka/muuttaneet_1891-1921_ap/himanka_muuttaneet_1891-1921_ap_54.jpg  print 4 
images/leivonmaki/muuttaneet_1892-1911_ap/leivonmaki_muuttaneet_1892-1911_ap_61.jpg  print 3 
images/keuruu/muuttaneet_1905-1916_ap_ulos/keuruu_muuttaneet_1905-1916_ap_ulos_15.jpg  print 7 
images/helsinki/muuttaneet_1880-1889_mko10-17/helsinki_muuttaneet_1880-1889_mko10-17_53.jpg  print 21 
images/maalahti/muuttaneet_1860-1902_uk263/maalahti_muuttaneet_1860-1902_uk263_32.jpg  print 49 
images/alavus/muuttaneet_1880-1911_ap/alavus_muuttaneet_1880-1911_ap_209.jpg  print 3 
images/pielavesi/muuttaneet_1888-1904_mko7-11/pielavesi_muuttaneet_1888-1904_mko7-11_60.jpg  print 1 
images/tuusniemi/muuttaneet_1889-1900_mko17-18/tuusniemi_muuttaneet_1889-1900_mko17-18_60.jpg  print 17 
images/juuka/muuttaneet_1899-1907_mko8-9/juuka_muuttaneet_1899-1907_mko8-9_52.jpg  print 8 
images/oulujoki/muuttaneet_1895-1904_mko41-43/oulujoki_muuttaneet_1895-1904_mko41-43_37.jpg  print 17 
images/koski_tl/muuttaneet_1887-1916_ap/koski_tl_muuttaneet_1887-1916_ap_4.jpg  print 3 
images/elimaki/muuttaneet_1888-1896_mko4-7/elimaki_muuttaneet_1888-1896_mko4-7_52.jpg  print 3 
images/pyhajoki/muuttaneet_1881-1906_mko14-15/pyhajoki_muuttaneet_1881-1906_mko14-15_46.jpg  print 1 
images/urjala/muuttaneet_1900-1910_mko15-17/urjala_muuttaneet_1900-1910_mko15-17_74.jpg  print 7 
images/somero/muuttaneet_1892-1922_ap/somero_muuttaneet_1892-1922_ap_179.jpg  print 4


--yllä olevat annotoitu transkribksessa--

--sample 2 alla--

images/oulu/muuttaneet_1889-1900_tksrk_mko21-35/oulu_muuttaneet_1889-1900_tksrk_mko21-35_326.jpg  print 1
images/parikkala/muuttaneet_1914-1918_ap/parikkala_muuttaneet_1914-1918_ap_23.jpg  print 15
images/ilomantsi/muuttaneet_1887-1903_mko1063-1064/ilomantsi_muuttaneet_1887-1903_mko1063-1064_46.jpg  print 1
images/tyrvaa/muuttaneet_1890-1912_ap/tyrvaa_muuttaneet_1890-1912_ap_125.jpg  print 4
images/pernio/muuttaneet_1881-1890_ap/pernio_muuttaneet_1881-1890_ap_53.jpg  print 3
images/nilsia/muuttaneet_1894-1916_mko17-25/nilsia_muuttaneet_1894-1916_mko17-25_12.jpg  print 17
images/pielavesi/muuttaneet_1888-1904_mko45-50/pielavesi_muuttaneet_1888-1904_mko45-50_118.jpg  print 17
images/helsinki/muuttaneet_1880-1889_mko10-17/helsinki_muuttaneet_1880-1889_mko10-17_72.jpg  print 21
images/langelmaki/muuttaneet_1891-1906_mko284-286/langelmaki_muuttaneet_1891-1906_mko284-286_23.jpg  print 4
images/houtskari/muuttaneet_1890-1967_mko159-162/houtskari_muuttaneet_1890-1967_mko159-162_16.jpg  print 4
images/hauho/muuttaneet_1887-1889_mko367/hauho_muuttaneet_1887-1889_mko367_10.jpg  print 3
images/paltamo/muuttaneet_1879-1921_ap_sis/paltamo_muuttaneet_1879-1921_ap_sis_32.jpg  print 1
images/pyhtaa/muuttaneet_1890-1903_mko241/pyhtaa_muuttaneet_1890-1903_mko241_13.jpg  print 7
images/kalajoki/muuttaneet_1880-1921_ap/kalajoki_muuttaneet_1880-1921_ap_238.jpg  print 17
images/iisalmen_maaseurakunta/muuttaneet_1891-1903_ap/iisalmen_maaseurakunta_muuttaneet_1891-1903_ap_59.jpg  print 17
images/hankasalmi/muuttaneet_1892-1915_ap_ulos/hankasalmi_muuttaneet_1892-1915_ap_ulos_5.jpg  print 17
images/valkjarvi/muuttaneet_1891-1893_mko334/valkjarvi_muuttaneet_1891-1893_mko334_2.jpg  print 3
images/orimattila/muuttaneet_1904-1919_ap_ulos/orimattila_muuttaneet_1904-1919_ap_ulos_50.jpg  print 7:3-99
images/tuusula/muuttaneet_1888-1904_ap/tuusula_muuttaneet_1888-1904_ap_130.jpg  print 3
images/valkeala/muuttaneet_1910-1916_ap/valkeala_muuttaneet_1910-1916_ap_94.jpg  print 16
images/hameenkoski/muuttaneet_1871-1887_mko1-2/hameenkoski_muuttaneet_1871-1887_mko1-2_24.jpg  print 3
images/punkalaidun/muuttaneet_1896-1912_ap/punkalaidun_muuttaneet_1896-1912_ap_1.jpg  print 4
images/iitti/muuttaneet_1886-1890_mko833-834/iitti_muuttaneet_1886-1890_mko833-834_24.jpg  print 3
images/alavus/muuttaneet_1880-1911_ap/alavus_muuttaneet_1880-1911_ap_254.jpg  print 3
images/paltamo/muuttaneet_1879-1922_ap_ulos/paltamo_muuttaneet_1879-1922_ap_ulos_79.jpg  print 17
images/kotka/muuttaneet_1894-1908_mko829-830/kotka_muuttaneet_1894-1908_mko829-830_35.jpg  print 7
images/tampereen_tuomiokirkkoseurakunta/muuttaneet_1890-1897_mko31-39/tampereen_tuomiokirkkoseurakunta_muuttaneet_1890-1897_mko31-39_76.jpg  print 28
images/raahe/muuttaneet_1886-1900_mko5-7/raahe_muuttaneet_1886-1900_mko5-7_60.jpg  print 1
images/kemijarvi/muuttaneet_1900-1908_mko1/kemijarvi_muuttaneet_1900-1908_mko1_23.jpg  print 8
images/tampereen_tuomiokirkkoseurakunta/muuttaneet_1898-1903_ap/tampereen_tuomiokirkkoseurakunta_muuttaneet_1898-1903_ap_119.jpg  print 28
images/jamsa/muuttaneet_1890-1907_mko754-755/jamsa_muuttaneet_1890-1907_mko754-755_14.jpg  print 7
images/pyhajoki/muuttaneet_1881-1906_mko14-15/pyhajoki_muuttaneet_1881-1906_mko14-15_17.jpg  print 1
images/kemi/muuttaneet_1901-1922_msrk_ap/kemi_muuttaneet_1901-1922_msrk_ap_285.jpg  print 8
images/kestila/muuttaneet_1880-1924_ap/kestila_muuttaneet_1880-1924_ap_124.jpg  print 1
images/helsinki/muuttaneet_1880-1889_mko10-17/helsinki_muuttaneet_1880-1889_mko10-17_126.jpg  print 21
images/petajavesi/muuttaneet_1898-1916_ap_ulos/petajavesi_muuttaneet_1898-1916_ap_ulos_8.jpg  print 7
images/polvijarvi/muuttaneet_1873-1891_mko21/polvijarvi_muuttaneet_1873-1891_mko21_22.jpg  print 17:8-28
images/petajavesi/muuttaneet_1898-1916_ap_ulos/petajavesi_muuttaneet_1898-1916_ap_ulos_2.jpg  print 7
images/kuopio/muuttaneet_1880-1890_msrk_mko17-21/kuopio_muuttaneet_1880-1890_msrk_mko17-21_55.jpg  print 17
images/kaustinen/muuttaneet_1898-1933_mko273-274/kaustinen_muuttaneet_1898-1933_mko273-274_53.jpg  print 4
images/karstula/muuttaneet_1890-1915_ap/karstula_muuttaneet_1890-1915_ap_60.jpg  print 10
images/ilomantsi/muuttaneet_1904-1914_mko1065-1066/ilomantsi_muuttaneet_1904-1914_mko1065-1066_20.jpg  print 1
images/paltamo/muuttaneet_1899-1913_ap_u/paltamo_muuttaneet_1899-1913_ap_u_53.jpg  print 17
images/haukipudas/muuttaneet_1880-1891_mko455/haukipudas_muuttaneet_1880-1891_mko455_24.jpg  print 1
images/pohja/muuttaneet_1890-1905_mko21-26/pohja_muuttaneet_1890-1905_mko21-26_45.jpg  print 3
images/virolahti/muuttaneet_1885-1909_mko3-12/virolahti_muuttaneet_1885-1909_mko3-12_145.jpg  print 7: 90-163
images/tampereen_tuomiokirkkoseurakunta/muuttaneet_1904-1915_ap/tampereen_tuomiokirkkoseurakunta_muuttaneet_1904-1915_ap_447.jpg  print 27
images/kuusjoki/muuttaneet_1894-1934_ap/kuusjoki_muuttaneet_1894-1934_ap_88.jpg  print 3
images/rautalampi/muuttaneet_1880-1902_mko928-935/rautalampi_muuttaneet_1880-1902_mko928-935_18.jpg  print 17
images/sumiainen/muuttaneet_1892-1907_ap/sumiainen_muuttaneet_1892-1907_ap_3.jpg  print 3
images/hollola/muuttaneet_1890-1899_mko5-8/hollola_muuttaneet_1890-1899_mko5-8_59.jpg  print 3
images/mikkelin_tuomiokirkkosrk/muuttaneet_1883-1891_mko4-7/mikkelin_tuomiokirkkosrk_muuttaneet_1883-1891_mko4-7_23.jpg  print 3
images/rautalampi/muuttaneet_1880-1905_mko891-895/rautalampi_muuttaneet_1880-1905_mko891-895_71.jpg  print 1
images/kotka/muuttaneet_1894-1913_ap_sis/kotka_muuttaneet_1894-1913_ap_sis_82.jpg  print 10
images/poytya/muuttaneet_1890-1908_mko10-14/poytya_muuttaneet_1890-1908_mko10-14_77.jpg  print 3
images/muuruvesi/muuttaneet_1907-1916_mko1-4/muuruvesi_muuttaneet_1907-1916_mko1-4_24.jpg  print 16
images/parikkala/muuttaneet_1886-1909_mko5-8/parikkala_muuttaneet_1886-1909_mko5-8_38.jpg  print 3
images/harjavalta/muuttaneet_1889-1911_ap/harjavalta_muuttaneet_1889-1911_ap_2.jpg  print 4
images/nurmes/muuttaneet_1904-1921_ap/nurmes_muuttaneet_1904-1921_ap_165.jpg  print 46
images/kaavi/muuttaneet_1886-1904_mko2-4/kaavi_muuttaneet_1886-1904_mko2-4_47.jpg  print 1
images/hiittinen/muuttaneet_1892-1912_mko1/hiittinen_muuttaneet_1892-1912_mko1_15.jpg  print 4
images/rauma/muuttaneet_1890-1910_ksrk_mko8-10/rauma_muuttaneet_1890-1910_ksrk_mko8-10_11.jpg  print 39
images/pori/muuttaneet_1890-1909_ksrk_mko33-50/pori_muuttaneet_1890-1909_ksrk_mko33-50_164.jpg  print 38
images/sysma/muuttaneet_1905-1922_ap/sysma_muuttaneet_1905-1922_ap_226.jpg  print 16
images/kemi/muuttaneet_1891-1900_msrk_ap/kemi_muuttaneet_1891-1900_msrk_ap_183.jpg  print 17
images/kuopion_tuomiokirkkosrk/muuttaneet_1910-1914_mko50-59/kuopion_tuomiokirkkosrk_muuttaneet_1910-1914_mko50-59_116.jpg  print 8
images/hartola/muuttaneet_1900-1908_ap/hartola_muuttaneet_1900-1908_ap_26.jpg  print 8
images/vihanti/muuttaneet_1881-1891_mko317/vihanti_muuttaneet_1881-1891_mko317_10.jpg  print 1
images/suoniemi/muuttaneet_1890-1916_ap/suoniemi_muuttaneet_1890-1916_ap_54.jpg  print 4
images/laitila/muuttaneet_1892-1912_ap/laitila_muuttaneet_1892-1912_ap_114.jpg  print 4
images/turun_tuomiokirkkosrk/muuttaneet_1892-1898_ap/turun_tuomiokirkkosrk_muuttaneet_1892-1898_ap_391.jpg  print 4
images/pernio/muuttaneet_1891-1915_ap/pernio_muuttaneet_1891-1915_ap_124.jpg  print 3
images/suomusjarvi/muuttaneet_1907-1947_ap/suomusjarvi_muuttaneet_1907-1947_ap_87.jpg  print 4
images/liperi/muuttaneet_1881-1908_ap/liperi_muuttaneet_1881-1908_ap_187.jpg  print 17
images/maaninka/muuttaneet_1909-1916_mko25-27/maaninka_muuttaneet_1909-1916_mko25-27_53.jpg  print 16
images/oripaa/muuttaneet_1896-1906_mko5/oripaa_muuttaneet_1896-1906_mko5_24.jpg  print 45
images/rauma/muuttaneet_1890-1912_msrk_ap/rauma_muuttaneet_1890-1912_msrk_ap_35.jpg  print 39
images/vampula/muuttaneet_1905-1909_mko8/vampula_muuttaneet_1905-1909_mko8_19.jpg  print 4
images/kuopion_tuomiokirkkosrk/muuttaneet_1910-1914_mko50-59/kuopion_tuomiokirkkosrk_muuttaneet_1910-1914_mko50-59_272.jpg  print 8
images/siuntio/muuttaneet_1909-1975_ap_sis/siuntio_muuttaneet_1909-1975_ap_sis_83.jpg  print 2
images/halikko/muuttaneet_1917-1948_ap/halikko_muuttaneet_1917-1948_ap_177.jpg  print 4
images/viljakkala/muuttaneet_1891-1915_ap/viljakkala_muuttaneet_1891-1915_ap_16.jpg  print 2
images/hanko/muuttaneet_1899-1919_ksrk_ap_sis/hanko_muuttaneet_1899-1919_ksrk_ap_sis_76.jpg  print 10
images/tohmajarvi/muuttaneet_1886-1900_mko593-595/tohmajarvi_muuttaneet_1886-1900_mko593-595_9.jpg  print 17
images/kuopion_tuomiokirkkosrk/muuttaneet_1910-1914_mko50-59/kuopion_tuomiokirkkosrk_muuttaneet_1910-1914_mko50-59_70.jpg  print 8
images/kuopion_tuomiokirkkosrk/muuttaneet_1905-1910_mko38-49/kuopion_tuomiokirkkosrk_muuttaneet_1905-1910_mko38-49_41.jpg  print 8
images/rautalampi/muuttaneet_1902-1922_ap/rautalampi_muuttaneet_1902-1922_ap_117.jpg  print 16
images/halikko/muuttaneet_1895-1916_ap/halikko_muuttaneet_1895-1916_ap_19.jpg  print 4
images/rautavaara/muuttaneet_1883-1908_mko240/rautavaara_muuttaneet_1883-1908_mko240_28.jpg  print 1
images/pudasjarvi/muuttaneet_1880-1929_ap_sis/pudasjarvi_muuttaneet_1880-1929_ap_sis_65.jpg  print 1
images/kauhajoki/muuttaneet_1900-1909_mko11-12/kauhajoki_muuttaneet_1900-1909_mko11-12_24.jpg  print 4
images/lavia/muuttaneet_1891-1905_mko4-5/lavia_muuttaneet_1891-1905_mko4-5_25.jpg  print 4
images/tampereen_tuomiokirkkoseurakunta/muuttaneet_1890-1897_mko31-39/tampereen_tuomiokirkkoseurakunta_muuttaneet_1890-1897_mko31-39_116.jpg  print 28
images/lieto/muuttaneet_1893-1912_mko9-12/lieto_muuttaneet_1893-1912_mko9-12_111.jpg  print 4
images/kokemaki/muuttaneet_1885-1909_mko7-10/kokemaki_muuttaneet_1885-1909_mko7-10_81.jpg  print 4
images/viipuri/muuttaneet_1887-1896_msrk_mko1055-1059/viipuri_muuttaneet_1887-1896_msrk_mko1055-1059_37.jpg  print 3
images/ahtava/muuttaneet_1738-1810_ap_sis/ahtava_muuttaneet_1738-1810_ap_sis_16.jpg  printed pdf?
images/heinola/muuttaneet_1890-1919_msrk_ap/heinola_muuttaneet_1890-1919_msrk_ap_65.jpg  print 7
images/reisjarvi/muuttaneet_1880-1896_mko8/reisjarvi_muuttaneet_1880-1896_mko8_11.jpg  print 1
images/ruokolahti/muuttaneet_1886-1895_mko591-592/ruokolahti_muuttaneet_1886-1895_mko591-592_9.jpg  print 3
images/karttula/muuttaneet_1910-1927_ap/karttula_muuttaneet_1910-1927_ap_39.jpg  print 8
images/kiikka/muuttaneet_1891-1906_mko7-8/kiikka_muuttaneet_1891-1906_mko7-8_20.jpg  print 4
images/kiihtelysvaara/muuttaneet_1882-1920_ap/kiihtelysvaara_muuttaneet_1882-1920_ap_293.jpg  print 17
images/karjala/muuttaneet_1891-1907_mko3/karjala_muuttaneet_1891-1907_mko3_1.jpg  print 4
images/anjala/muuttaneet_1890-1922_ap/anjala_muuttaneet_1890-1922_ap_109.jpg  print 10

--sample 2 yllä--

--sample 3 alla--

images/pohja/muuttaneet_1873-1905_ap/pohja_muuttaneet_1873-1905_ap_98.jpg  print 3
images/helsinki/muuttaneet_1890-1902_mko17-31/helsinki_muuttaneet_1890-1902_mko17-31_446.jpg  print 21
images/rautalampi/muuttaneet_1902-1922_ap/rautalampi_muuttaneet_1902-1922_ap_91.jpg  print 16
images/pudasjarvi/muuttaneet_1880-1929_ap_ulos/pudasjarvi_muuttaneet_1880-1929_ap_ulos_45.jpg  print 17
images/lammi/muuttaneet_1891-1921_ap_sis/lammi_muuttaneet_1891-1921_ap_sis_79.jpg  print 10
images/evijarvi/muuttaneet_1917-1921_ap/evijarvi_muuttaneet_1917-1921_ap_7.jpg  print 4
images/mikkelin_tuomiokirkkosrk/muuttaneet_1883-1891_mko4-7/mikkelin_tuomiokirkkosrk_muuttaneet_1883-1891_mko4-7_92.jpg  print 3
images/juankoski/muuttaneet_1880-1897_ap_sisaan/juankoski_muuttaneet_1880-1897_ap_sisaan_26.jpg  print 1
images/alavieska/muuttaneet_1891-1899_mko8/alavieska_muuttaneet_1891-1899_mko8_9.jpg  print 17
images/hauho/muuttaneet_1887-1889_mko367/hauho_muuttaneet_1887-1889_mko367_9.jpg  print 3
images/kuopion_tuomiokirkkosrk/muuttaneet_1894-1899_mko165-169/kuopion_tuomiokirkkosrk_muuttaneet_1894-1899_mko165-169_69.jpg  print 17
images/evijarvi/muuttaneet_1837-1889_ap/evijarvi_muuttaneet_1837-1889_ap_44.jpg  print 4
images/suodenniemi/muuttaneet_1891-1912_ap/suodenniemi_muuttaneet_1891-1912_ap_8.jpg  print 4
images/piippola/muuttaneet_1880-1916_ap/piippola_muuttaneet_1880-1916_ap_103.jpg  print 1:5-103
images/kaustinen/muuttaneet_1786-1790_mko266/kaustinen_muuttaneet_1786-1790_mko266_4.jpg  print 33
images/vehmaa/muuttaneet_1891-1922_ap/vehmaa_muuttaneet_1891-1922_ap_15.jpg  print 4
images/reisjarvi/muuttaneet_1880-1899_mko5/reisjarvi_muuttaneet_1880-1899_mko5_25.jpg  print 17
images/iisalmen_kaupunkiseurakunta/muuttaneet_1894-1908_mko5-6/iisalmen_kaupunkiseurakunta_muuttaneet_1894-1908_mko5-6_42.jpg  print 17
images/angelniemi/muuttaneet_1909-1953_ap/angelniemi_muuttaneet_1909-1953_ap_103.jpg  print 4
images/kaustinen/muuttaneet_1898-1933_mko273-274/kaustinen_muuttaneet_1898-1933_mko273-274_28.jpg  print 4
images/piikkio/muuttaneet_1892-1906_mko4-5/piikkio_muuttaneet_1892-1906_mko4-5_57.jpg  print 4
images/pielavesi/muuttaneet_1888-1904_mko45-50/pielavesi_muuttaneet_1888-1904_mko45-50_4.jpg  print 17
images/ilomantsi/muuttaneet_1887-1903_mko1063-1064/ilomantsi_muuttaneet_1887-1903_mko1063-1064_40.jpg  print 1
images/hartola/muuttaneet_1909-1913_ap/hartola_muuttaneet_1909-1913_ap_73.jpg  print 8
images/kajaani/muuttaneet_1882-1891_msrk_mko52-53/kajaani_muuttaneet_1882-1891_msrk_mko52-53_6.jpg  print 17
images/porvoo/muuttaneet_1901-1919_msrk_ap_sis/porvoo_muuttaneet_1901-1919_msrk_ap_sis_53.jpg  print 2
images/liperi/muuttaneet_1881-1908_ap/liperi_muuttaneet_1881-1908_ap_39.jpg  print 17
images/pulkkila/muuttaneet_1890-1907_mko7-8/pulkkila_muuttaneet_1890-1907_mko7-8_37.jpg  print 17
images/eurajoki/muuttaneet_1910-1912_ap/eurajoki_muuttaneet_1910-1912_ap_35.jpg  print 4
images/halikko/muuttaneet_1895-1916_ap/halikko_muuttaneet_1895-1916_ap_137.jpg  print 4
images/oulu/muuttaneet_1895-1900_tksrk_mko188-191/oulu_muuttaneet_1895-1900_tksrk_mko188-191_79.jpg  print 17
images/kiuruvesi/muuttaneet_1891-1908_mko16-20/kiuruvesi_muuttaneet_1891-1908_mko16-20_104.jpg  print 17
images/artjarvi/muuttaneet_1903-1932_ap/artjarvi_muuttaneet_1903-1932_ap_54.jpg  print 2
images/iisalmen_kaupunkiseurakunta/muuttaneet_1894-1905_mko1-2/iisalmen_kaupunkiseurakunta_muuttaneet_1894-1905_mko1-2_53.jpg  print 1
images/dragsfjard/muuttaneet_1913-1937_ap/dragsfjard_muuttaneet_1913-1937_ap_25.jpg  print 14
images/leppavirta/muuttaneet_1884-1897_mko10-14/leppavirta_muuttaneet_1884-1897_mko10-14_44.jpg  print 17:16-109
images/kuopio/muuttaneet_1901-1907_msrk_mko34-43/kuopio_muuttaneet_1901-1907_msrk_mko34-43_97.jpg  print 8
images/muuruvesi/muuttaneet_1907-1927_ap/muuruvesi_muuttaneet_1907-1927_ap_40.jpg  print 16:4-173
images/lammi/muuttaneet_1891-1921_ap_sis/lammi_muuttaneet_1891-1921_ap_sis_11.jpg  print 10
images/tampereen_tuomiokirkkoseurakunta/muuttaneet_1904-1915_ap/tampereen_tuomiokirkkoseurakunta_muuttaneet_1904-1915_ap_377.jpg  print 27
images/helsinki/muuttaneet_1888-1909_mko8-15/helsinki_muuttaneet_1888-1909_mko8-15_197.jpg  print 21
images/kalajoki/muuttaneet_1880-1921_ap/kalajoki_muuttaneet_1880-1921_ap_230.jpg  print 17
images/turun_tuomiokirkkosrk/muuttaneet_1892-1898_ap/turun_tuomiokirkkosrk_muuttaneet_1892-1898_ap_256.jpg  print 4
images/polvijarvi/muuttaneet_1887-1887_mko332/polvijarvi_muuttaneet_1887-1887_mko332_8.jpg  print 32
images/liperi/muuttaneet_1881-1891_mko1123-1124/liperi_muuttaneet_1881-1891_mko1123-1124_21.jpg  print 17
images/viitasaari/muuttaneet_1890-1903_mko5/viitasaari_muuttaneet_1890-1903_mko5_3.jpg  print 7
images/helsinki/muuttaneet_1890-1902_mko17-31/helsinki_muuttaneet_1890-1902_mko17-31_461.jpg  print 21
images/turun_tuomiokirkkosrk/muuttaneet_1903-1907_ap/turun_tuomiokirkkosrk_muuttaneet_1903-1907_ap_419.jpg  print 4
images/iisalmen_maaseurakunta/muuttaneet_1891-1903_ap/iisalmen_maaseurakunta_muuttaneet_1891-1903_ap_46.jpg  print 17
images/vesanto/muuttaneet_1907-1917_mko12-13/vesanto_muuttaneet_1907-1917_mko12-13_36.jpg  print 8
images/iisalmen_kaupunkiseurakunta/muuttaneet_1894-1905_mko1-2/iisalmen_kaupunkiseurakunta_muuttaneet_1894-1905_mko1-2_1.jpg  print 1
images/raahe/muuttaneet_1886-1901_mko8-11/raahe_muuttaneet_1886-1901_mko8-11_67.jpg  print 17
images/joroinen/muuttaneet_1896-1904_mko14-16/joroinen_muuttaneet_1896-1904_mko14-16_39.jpg  print 7
images/ylistaro/muuttaneet_1890-1906_mko5-6/ylistaro_muuttaneet_1890-1906_mko5-6_24.jpg  print 5
images/valkeala/muuttaneet_1902-1910_mko604-613/valkeala_muuttaneet_1902-1910_mko604-613_102.jpg  print 8
images/eno/muuttaneet_1915-1920_mko7/eno_muuttaneet_1915-1920_mko7_6.jpg  print 15
images/jokioinen/muuttaneet_1902-1921_ap_ulos/jokioinen_muuttaneet_1902-1921_ap_ulos_26.jpg  print 7
images/elimaki/muuttaneet_1897-1922_ap_ulos/elimaki_muuttaneet_1897-1922_ap_ulos_73.jpg  print 7
images/kiihtelysvaara/muuttaneet_1882-1920_ap/kiihtelysvaara_muuttaneet_1882-1920_ap_216.jpg  print 17
images/hamina/muuttaneet_1890-1902_mko188/hamina_muuttaneet_1890-1902_mko188_26.jpg  print 10
images/puumala/muuttaneet_1890-1938_ap/puumala_muuttaneet_1890-1938_ap_147.jpg  print 7:85-147
images/puolanka/muuttaneet_1911-1922_ap/puolanka_muuttaneet_1911-1922_ap_26.jpg  print 16
images/kuru/muuttaneet_1916-1940_ap_sis/kuru_muuttaneet_1916-1940_ap_sis_18.jpg  print 2
images/paltamo/muuttaneet_1879-1921_ap_sis/paltamo_muuttaneet_1879-1921_ap_sis_65.jpg  print 1
images/pudasjarvi/muuttaneet_1893-1906_mko574/pudasjarvi_muuttaneet_1893-1906_mko574_8.jpg  print 1
images/kajaani/muuttaneet_1882-1891_msrk_mko4/kajaani_muuttaneet_1882-1891_msrk_mko4_8.jpg  print 1
images/parikkala/muuttaneet_1914-1918_ap/parikkala_muuttaneet_1914-1918_ap_28.jpg  print 15
images/kaskinen/muuttaneet_1891-1913_ap/kaskinen_muuttaneet_1891-1913_ap_9.jpg  print 4
images/ristiina/muuttaneet_1886-1905_mko3-5/ristiina_muuttaneet_1886-1905_mko3-5_53.jpg  print 3
images/rautalampi/muuttaneet_1906-1917_mko896-897/rautalampi_muuttaneet_1906-1917_mko896-897_12.jpg  print 1
images/asikkala/muuttaneet_1890-1905_mko4/asikkala_muuttaneet_1890-1905_mko4_29.jpg  print 12
images/turun_tuomiokirkkosrk/muuttaneet_1908-1912_ap/turun_tuomiokirkkosrk_muuttaneet_1908-1912_ap_316.jpg  print 4
images/kuopio/muuttaneet_1908-1914_msrk_mko44-54/kuopio_muuttaneet_1908-1914_msrk_mko44-54_226.jpg  print 8
images/myrskyla/muuttaneet_1890-1913_ap_s/myrskyla_muuttaneet_1890-1913_ap_s_36.jpg  print 10
images/kaustinen/muuttaneet_1898-1933_mko273-274/kaustinen_muuttaneet_1898-1933_mko273-274_57.jpg  print 4
images/leivonmaki/muuttaneet_1892-1911_ap/leivonmaki_muuttaneet_1892-1911_ap_58.jpg  print 3
images/nivala/muuttaneet_1906-1919_mko_ulos/nivala_muuttaneet_1906-1919_mko_ulos_58.jpg  print 17
images/kuopio/muuttaneet_1915-1916_msrk_mko55-57/kuopio_muuttaneet_1915-1916_msrk_mko55-57_72.jpg  print 8
images/urjala/muuttaneet_1900-1920_ap/urjala_muuttaneet_1900-1920_ap_97.jpg  print 7: 90-216
images/kuortane/muuttaneet_1809-1884_uk331/kuortane_muuttaneet_1809-1884_uk331_27.jpg  print 4
images/pyhajarvi/muuttaneet_1896-1906_mko5-6/pyhajarvi_muuttaneet_1896-1906_mko5-6_29.jpg  print 8
images/ylojarvi/muuttaneet_1891-1915_ap/ylojarvi_muuttaneet_1891-1915_ap_24.jpg  print 2
images/tampereen_tuomiokirkkoseurakunta/muuttaneet_1916-1917_ap/tampereen_tuomiokirkkoseurakunta_muuttaneet_1916-1917_ap_62.jpg  print 27
images/paltamo/muuttaneet_1879-1921_ap_sis/paltamo_muuttaneet_1879-1921_ap_sis_5.jpg  print 1
images/suomussalmi/muuttaneet_1881-1921_ap_ulos/suomussalmi_muuttaneet_1881-1921_ap_ulos_38.jpg  print 17
images/kotka/muuttaneet_1894-1906_mko779-781/kotka_muuttaneet_1894-1906_mko779-781_87.jpg  print 10
images/helsinki/muuttaneet_1865-1879_mko4-10/helsinki_muuttaneet_1865-1879_mko4-10_231.jpg  print 21:21-317
images/kokemaki/muuttaneet_1896-1912_ap/kokemaki_muuttaneet_1896-1912_ap_33.jpg  print 4
images/valkeala/muuttaneet_1902-1910_mko604-613/valkeala_muuttaneet_1902-1910_mko604-613_42.jpg  print 8
images/turun_tuomiokirkkosrk/muuttaneet_1912-1919_ap/turun_tuomiokirkkosrk_muuttaneet_1912-1919_ap_298.jpg  print 4
images/kuopion_tuomiokirkkosrk/muuttaneet_1905-1910_mko38-49/kuopion_tuomiokirkkosrk_muuttaneet_1905-1910_mko38-49_62.jpg  print 8
images/helsinki/muuttaneet_1888-1909_mko8-15/helsinki_muuttaneet_1888-1909_mko8-15_123.jpg  print 21
images/karttula/muuttaneet_1896-1909_ap/karttula_muuttaneet_1896-1909_ap_195.jpg  print 8
images/kaavi/muuttaneet_1881-1917_ap/kaavi_muuttaneet_1881-1917_ap_27.jpg  print 1
images/elimaki/muuttaneet_1897-1922_ap_ulos/elimaki_muuttaneet_1897-1922_ap_ulos_72.jpg  print 7
images/iisalmen_maaseurakunta/muuttaneet_1891-1903_ap/iisalmen_maaseurakunta_muuttaneet_1891-1903_ap_160.jpg  print 17
images/karkola/muuttaneet_1897-1904_mko18/karkola_muuttaneet_1897-1904_mko18_27.jpg  print 10
images/isokyro/muuttaneet_1892-1907_mko6-8/isokyro_muuttaneet_1892-1907_mko6-8_29.jpg  print 4
images/nilsia/muuttaneet_1889-1919_ap_ulos/nilsia_muuttaneet_1889-1919_ap_ulos_165.jpg  print 17:4-356
images/pornainen/muuttaneet_1896-1918_ap_sis/pornainen_muuttaneet_1896-1918_ap_sis_11.jpg  print 10
images/lempaala/muuttaneet_1905-1922_ap_ulos/lempaala_muuttaneet_1905-1922_ap_ulos_28.jpg  print 7
images/hameenkyro/muuttaneet_1891-1904_mko694-696/hameenkyro_muuttaneet_1891-1904_mko694-696_77.jpg  print 4
images/eno/muuttaneet_1908-1914_mko5-6/eno_muuttaneet_1908-1914_mko5-6_21.jpg  print 1
images/pyhajarvi/muuttaneet_1896-1906_mko5-6/pyhajarvi_muuttaneet_1896-1906_mko5-6_1.jpg  print 8
images/hameenlinna/muuttaneet_1885-1895_ksrk_mko487-489/hameenlinna_muuttaneet_1885-1895_ksrk_mko487-489_21.jpg  print 4

--sample 3 yllä--

